locus	context	ref	alt	methylation_level	mu	worst_csq	protein_coding	coverage	variant_count	singleton_count
1:1273390	CCA	C	T	0	6.7244e-09	missense_variant	true	45	1	1
1:97250742	TCT	C	G	0	3.5919e-09	missense_variant	true	47	1	1
1:115223070	TCC	C	T	0	7.6664e-09	missense_variant	true	100	1	0
2:63101587	TCC	C	G	0	2.5440e-09	missense_variant	true	74	1	0
2:219292759	CAG	A	G	0	5.2348e-09	missense_variant	true	100	1	0
3:47449941	CCG	C	T	2	1.2483e-07	missense_variant	true	58	1	0
3:156979010	TCT	C	A	0	2.6557e-09	missense_variant	true	90	1	1
3:186358472	ACG	C	T	1	1.0750e-07	missense_variant	true	85	1	0
4:995530	CAG	A	G	0	5.2348e-09	missense_variant	true	61	1	0
4:15581691	AAT	A	G	0	7.7544e-09	missense_variant	true	87	1	0
4:15601208	CCG	C	T	2	1.2483e-07	missense_variant	true	27	1	0
5:135498991	CCT	C	G	0	2.6842e-09	missense_variant	true	52	1	0
7:21657343	CAG	A	G	0	5.2348e-09	missense_variant	true	36	1	0
7:21813490	ACC	C	G	0	2.4639e-09	missense_variant	true	41	1	0
7:42004062	CCG	C	T	2	1.2483e-07	missense_variant	true	80	1	0
7:155596234	AAG	A	C	0	1.4983e-09	missense_variant	true	53	1	0
9:19378492	ACT	C	G	0	3.0337e-09	missense_variant	true	71	1	0
9:74359992	AAC	A	C	0	1.3911e-09	missense_variant	true	100	1	1
10:72192832	ACG	C	T	2	1.4169e-07	missense_variant	true	100	1	0
10:104233495	GCC	C	T	0	8.6359e-09	missense_variant	true	47	1	0
11:10781728	TCG	C	T	2	1.0005e-07	missense_variant	true	47	1	0
11:68177527	CCG	C	T	2	1.2483e-07	missense_variant	true	91	1	0
15:56126450	AAA	A	G	0	3.0288e-09	missense_variant	true	38	1	0
15:63548786	CCC	C	A	0	3.0275e-09	missense_variant	true	42	1	1
16:703639	CCG	C	T	2	1.2483e-07	missense_variant	true	62	1	0
16:1570619	GCC	C	G	0	2.2808e-09	missense_variant	true	29	1	1
16:15168628	CCT	C	G	0	2.6842e-09	missense_variant	true	40	1	0
16:89930217	CCG	C	T	2	1.2483e-07	missense_variant	true	56	1	0
18:48604676	CAT	A	G	0	1.1275e-08	missense_variant	true	100	1	1
19:1461980	ACG	C	T	2	1.4169e-07	missense_variant	true	41	1	0
19:41183191	CCG	C	T	2	1.2483e-07	missense_variant	true	47	1	0
